{"name":"e34f351d-98a7-4ff7-a8fa-414ac0a1ea9e","id":"/providers/Microsoft.Flow/flows/e34f351d-98a7-4ff7-a8fa-414ac0a1ea9e","type":"Microsoft.Flow/flows","properties":{"apiId":"/providers/Microsoft.PowerApps/apis/shared_logicflows","displayName":"Scheduled Review","definition":{"metadata":{"workflowEntityId":null,"processAdvisorMetadata":null,"flowChargedByPaygo":null,"flowclientsuspensionreason":"None","flowclientsuspensiontime":null,"flowclientsuspensionreasondetails":null,"creator":{"id":"0d8bbc88-038f-40a5-900e-8a60c65e14c6","type":"User","tenantId":"bf346810-9c7d-43de-a872-24a2ef3995a8"},"provisioningMethod":"FromDefinition","failureAlertSubscription":true,"clientLastModifiedTime":"2023-11-24T11:04:33.613212Z","connectionKeySavedTimeKey":"2023-11-24T11:04:33.613212Z"},"$schema":"https://schema.management.azure.com/providers/Microsoft.Logic/schemas/2016-06-01/workflowdefinition.json#","contentVersion":"1.0.0.0","parameters":{"$connections":{"defaultValue":{},"type":"Object"},"$authentication":{"defaultValue":{},"type":"SecureObject"}},"triggers":{"Recurrence":{"recurrence":{"frequency":"Day","interval":1,"timeZone":"GMT Standard Time","schedule":{"hours":["23"],"minutes":[59]}},"metadata":{"operationMetadataId":"f4d14259-c70b-4e03-8e40-48e5588ae255"},"type":"Recurrence"}},"actions":{"Initialize_variable_SharePoint_Url":{"runAfter":{},"metadata":{"operationMetadataId":"ac663421-c77a-4b33-aca7-d148f319188e"},"type":"InitializeVariable","inputs":{"variables":[{"name":"varSharePointUrl","type":"string","value":"https://mhclg.sharepoint.com/sites/DigitalProcessImprovement"}]}},"Initialize_variable_list_title":{"runAfter":{"Initialize_variable_SharePoint_Url":["Succeeded"]},"metadata":{"operationMetadataId":"3df2f96c-3745-49a8-97f1-312ba3c793d4"},"type":"InitializeVariable","inputs":{"variables":[{"name":"varListTitle","type":"string","value":"GFA Doc Lib"}]}},"Initialize_variable_review_period":{"runAfter":{"Initialize_variable_list_title":["Succeeded"]},"metadata":{"operationMetadataId":"8e83230c-aede-40de-9392-f2553a7543b9"},"type":"InitializeVariable","inputs":{"variables":[{"name":"varReviewPeriodMonths","type":"integer","value":6}]}},"Get_items":{"runAfter":{"Initialize_variable_review_period":["Succeeded"]},"metadata":{"operationMetadataId":"28b854ec-75be-49cb-b28c-3de54c783c12"},"type":"OpenApiConnection","inputs":{"host":{"apiId":"/providers/Microsoft.PowerApps/apis/shared_sharepointonline","connectionName":"shared_sharepointonline","operationId":"GetItems"},"parameters":{"dataset":"@variables('varSharePointUrl')","table":"@variables('varListTitle')","$filter":"Modified le '@{addDays(utcNow(),mul( mul(variables('varReviewPeriodMonths'),30),-1))}'"},"authentication":"@parameters('$authentication')"},"runtimeConfiguration":{"paginationPolicy":{"minimumItemCount":10000}}},"Apply_to_each":{"foreach":"@outputs('Get_items')?['body/value']","actions":{"Compose":{"runAfter":{},"metadata":{"operationMetadataId":"7942c32f-9d3f-4e28-b8d5-ab21ed3864d0"},"type":"Compose","inputs":"@{items('Apply_to_each')?['Title']}||@{items('Apply_to_each')?['Author/Email']}||@{items('Apply_to_each')?['{Link}']}||@{items('Apply_to_each')?['{IsFolder}']}"},"Check_if_the_items_is_a_folder_or_not":{"actions":{"Start_and_wait_for_an_approval":{"runAfter":{},"metadata":{"operationMetadataId":"f4d91275-66de-4f5c-a77e-fbbb337c4c1a"},"type":"OpenApiConnectionWebhook","inputs":{"host":{"apiId":"/providers/Microsoft.PowerApps/apis/shared_approvals","connectionName":"shared_approvals","operationId":"StartAndWaitForAnApproval"},"parameters":{"approvalType":"Basic","WebhookApprovalCreationInput/title":"Your file - @{items('Apply_to_each')?['Title']} has not been edited for the last @{variables('varReviewPeriodMonths')} months","WebhookApprovalCreationInput/assignedTo":"@{items('Apply_to_each')?['Author/Email']};","WebhookApprovalCreationInput/details":"Please review the file '@{items('Apply_to_each')?['Title']}' and click 'Approve' to delete the file.","WebhookApprovalCreationInput/itemLink":"@items('Apply_to_each')?['{Link}']","WebhookApprovalCreationInput/itemLinkDescription":"@items('Apply_to_each')?['Title']","WebhookApprovalCreationInput/enableNotifications":true,"WebhookApprovalCreationInput/enableReassignment":true},"authentication":"@parameters('$authentication')"}},"Condition_2":{"actions":{"Delete_item":{"runAfter":{},"metadata":{"operationMetadataId":"f998953b-52dc-4529-8b92-af7ac288de6d"},"type":"OpenApiConnection","inputs":{"host":{"apiId":"/providers/Microsoft.PowerApps/apis/shared_sharepointonline","connectionName":"shared_sharepointonline","operationId":"DeleteItem"},"parameters":{"dataset":"@variables('varSharePointUrl')","table":"@variables('varListTitle')","id":"@items('Apply_to_each')?['ID']"},"authentication":"@parameters('$authentication')"}}},"runAfter":{"Start_and_wait_for_an_approval":["Succeeded"]},"expression":{"equals":["@outputs('Start_and_wait_for_an_approval')?['body/outcome']","Approve"]},"metadata":{"operationMetadataId":"a1e046b7-1664-4894-b35b-c26ea78fedbb"},"type":"If"}},"runAfter":{"Compose":["Succeeded"]},"expression":{"equals":["@items('Apply_to_each')?['{IsFolder}']","@false"]},"metadata":{"operationMetadataId":"a2673278-2b72-4510-a1b2-7a9799c887dd"},"type":"If"}},"runAfter":{"Get_items":["Succeeded"]},"metadata":{"operationMetadataId":"55c8baa9-6d8d-40c9-92f1-5641a60ea200"},"type":"Foreach"}}},"connectionReferences":{"shared_sharepointonline":{"connectionName":"4222a861868248939fc031e2265b8fe2","source":"Embedded","id":"/providers/Microsoft.PowerApps/apis/shared_sharepointonline","tier":"NotSpecified"},"shared_approvals":{"connectionName":"shared-approvals-11f42a0d-a27f-4b17-b0ee-d639753a298e","source":"Embedded","id":"/providers/Microsoft.PowerApps/apis/shared_approvals","tier":"NotSpecified"}},"flowFailureAlertSubscribed":false,"isManaged":false}}